"Membro","Comentário","Ação","Adicionado?","Comentários adicionais"
"Prof. Tasinaffo","(Capa) O nome do Prof. Maximo é sem acento.","Removido o acento em todas as ocorrências: capa/folha de rosto (tese.tex), agradecimentos, citação da publicação no Cap.1 e entrada do .bib.","SIM","Confirmado com o autor. No registro oficial do ITA consta com acento; adotada a grafia sem acento conforme pedido da banca e conforme o professor assina suas publicações."
"Prof. Tasinaffo","Fazer um Resumo e um Abstract mais didáticos; do jeito que estão, leigos não entenderão e poderão desistir da leitura.","Resumo e Abstract inteiramente reescritos em linguagem acessível: partem do cenário concreto (táxis aéreos e drones sobre cidades), explicam detect-and-avoid e as metades sense/avoid, descrevem os quatro estágios do pipeline em português/inglês simples e só então apresentam os três estudos e seus resultados.","SIM","PreTextuais/resumo.tex e PreTextuais/abstract.tex. Criado também PreTextuais/resumo_frd.tex, versão condensada, pois o resumo completo não cabe na caixa de altura fixa da Folha de Registro do Documento."
"Prof. Tasinaffo","(Pg. 25) Colocar o significado da sigla GNSS na primeira aparição.","Primeira ocorrência (Cap.1, Seção 1.1.1) expandida para ""Global Navigation Satellite System (GNSS)"".","SIM","GNSS também acrescentado à Lista de Abreviaturas, que já o continha."
"Prof. Tasinaffo","(Pg. 27) Trocar ""convolutional neural networks (CNNs)"" por ""Convolutional Neural Networks (CNNs)"".","Corrigido no Cap.1 e no Cap.2 (""A Convolutional Neural Network (CNN)"").","SIM",""
"Prof. Tasinaffo","(Pg. 27 e 28) Acrescentar na Introdução uma Seção ""Proposta de Solução"", dividindo a Seção 1.3 em duas.","Seção 1.3 dividida: ""1.3 Problem Statement"" (problema e as três dificuldades) e a nova ""1.4 Proposed Solution"", que descreve o pipeline, traz a figura da arquitetura e a subseção ""Where the Point Clouds Come From"". As seções seguintes foram renumeradas automaticamente.","SIM",""
"Prof. Tasinaffo","(Pg. 30) Elogio à Seção sobre o uso de IA generativa no trabalho.","Sem ação necessária. A seção foi mantida (agora Seção 1.9).","N/A","Elogio."
"Prof. Tasinaffo","(Cap. 2) Ao apresentar as equações, ir dizendo onde elas serão utilizadas mais adiante.","Acrescentada ao final do Cap.2 a seção ""Summary and Road Map"", que percorre cada equação do capítulo e indica em qual capítulo posterior ela é usada (recursões do KF/EKF, convenções de referencial, perturbação em SE(3), modelo de velocidade constante, medida esférica, projeção pinhole, métricas e blocos de aprendizado). Adicionados também ponteiros pontuais ao longo do texto.","SIM",""
"Prof. Tasinaffo","(Pg. 36 e 37) Trocar ""root-mean-square error (RMSE)"" por ""Root-Mean-Square Error (RMSE)"" e o mesmo para NEES, NIS, PCRB, TP, FP, FN, R, MOTA e CNN.","Todas as expansões corrigidas para caixa alta: RMSE, NEES, NIS, PCRB, True Positive (TP), False Positive (FP), False Negative (FN), Precision (P), Recall (R), MOTA, AMOTA, CNN, KF, BEV.","SIM","Feita varredura automática em todos os arquivos .tex para localizar o padrão ""expansão minúscula (SIGLA)""."
"Prof. Tasinaffo","(Pg. 43) Primeira linha da Seção 3.3: uma palavra ultrapassa a margem direita.","Corrigido. A frase foi reescrita para eliminar o composto hifenizado que impedia a quebra, e foram acrescentados \tolerance=2000 e \emergencystretch=3em ao preâmbulo.","SIM","Efeito global: as linhas com excesso de largura (overfull hbox) caíram de 14 para 1 — a única remanescente está na tabela da Folha de Registro, que é do próprio template do ITA."
"Prof. Tasinaffo","Finalizar o Capítulo 3 (e todos os capítulos) com um parágrafo breve descrevendo o que será visto no capítulo seguinte.","Acrescentados parágrafos de encerramento com a transição para o capítulo seguinte nos Capítulos 2, 3, 5, 6 e 7. O Capítulo 4 já possuía; o Capítulo 8 é o último.","SIM","No Cap.3 o parágrafo foi reescrito para apontar para o Cap.4 (o capítulo seguinte), e não para o Cap.5."
"Prof. Tasinaffo","(Pg. 49) A Figura 4.1 demorou demais para aparecer; deveria estar já no Capítulo 1.","A figura do pipeline foi inserida no Capítulo 1, dentro da nova Seção 1.4 (Proposed Solution), como Figura 1.2, com legenda remetendo ao Cap.4 para o detalhamento. A figura original foi mantida no Cap.4.","SIM",""
"Prof. Tasinaffo","(Pg. 53) Seções criadas sem texto introdutório antes da primeira subseção (ex.: 5.2 e 5.2.1); ocorre várias vezes no documento.","Localizadas por varredura automática as 12 ocorrências do padrão e inserido um parágrafo introdutório em todas: Cap.1 (Objectives), Cap.2 (3 seções), Cap.3 (2), Cap.5 (2, incluindo a 5.2 citada), Cap.6 (Results) e Cap.7 (3).","SIM",""
"Prof. Tasinaffo","(Pg. 54) Trocar ""Constant-velocity (CV)"" por ""Constant-Velocity (CV)""; o mesmo para PCRB (pg. 61).","Corrigido no Cap.2 e no Cap.5, e o PCRB corrigido no Cap.2, Cap.5 e Apêndice A.","SIM",""
"Prof. Tasinaffo","Não sou especialista na área e não poderei revisar as equações.","Sem ação. As deduções foram, ainda assim, ampliadas e verificadas em resposta aos apontamentos do Prof. Bruno.","N/A",""
"Prof. Tasinaffo","(Pg. 58) Elogio à formulação e à demonstração formal da Proposição 5.1.","Sem ação. Mantida.","N/A","Elogio."
"Prof. Tasinaffo","Elogio ao formalismo e aos resultados do Capítulo 5.","Sem ação.","N/A","Elogio."
"Prof. Tasinaffo","(Pg. 61) Deixar para dizer o que será feito no Capítulo 6 somente no último parágrafo do Capítulo 5, e não na penúltima seção.","O anúncio do Cap.6 foi removido da Seção 5.6.3 e passou a ser o último parágrafo do capítulo, dentro da nova Seção 5.8 (Choice of Frame in Practice).","SIM",""
"Prof. Tasinaffo","(Pg. 77) Trocar ""normalized innovation squared (NIS)"" por caixa alta; idem RPC (pg. 82), PFN (pg. 91) e RMSE (pg. 94).","Corrigidos: NIS (Cap.2 e Cap.6), Remote-Procedure-Call (RPC) e Pillar Feature Network (PFN) no Cap.7, e RMSE no Cap.7. Acrescentada também Set-Abstraction (SA).","SIM",""
"Prof. Tasinaffo","Os Capítulos 7 e 8 estão adequados; o Capítulo 8 detalha bem limitações e melhorias futuras.","Sem ação corretiva. Ambos foram, mesmo assim, ampliados em resposta aos demais membros.","N/A","Elogio."
"Prof. Tasinaffo","O Capítulo 6 está bastante adequado.","Sem ação corretiva. Ampliado conforme pedidos dos Profs. Alberto e Bruno.","N/A","Elogio."
"Prof. Tasinaffo","Sugiro incluir o artigo clássico do algoritmo Adam (2014, arXiv).","Referência de Kingma e Ba (ICLR 2015; arXiv:1412.6980, 2014) adicionada ao .bib e citada nos dois pontos em que o Adam é usado (Cap.7 e Apêndice B).","SIM",""
"Prof. Tasinaffo","Parabéns pelo excelente trabalho.","Sem ação.","N/A","Elogio."
"Prof. Alberto","Publicação em conferência Qualis A1; texto bem escrito; uso de IA adequado; boa apresentação.","Sem ação.","N/A","Elogio."
"Prof. Alberto","Slide 35: o gráfico não é igual à Figura 6.6 da dissertação (p. 75). Ajustar na dissertação e explicar melhor a figura no texto.","Investigado e esclarecido. A figura da dissertação JÁ É a versão corrigida: em 6 de junho de 2026 foi feita uma auditoria da geometria e do filtro (commit 09505f0) que constatou que a projeção quadro a quadro sempre esteve correta (mediana 1,05 m) e que o erro maior vinha do modelo de velocidade constante sendo propagado em malha aberta durante as longas lacunas de detecção; a correção foi limitar esse horizonte e reinicializar a trilha por interseção raio-plano após uma lacuna. Os slides da defesa usam a figura ANTERIOR a essa auditoria (verificado por MD5: os PDFs dos slides são idênticos aos do commit eb5cb0a, de 5 de junho). Portanto não há correção a trazer da apresentação para a dissertação: é a apresentação que está desatualizada. O texto foi substancialmente ampliado para explicar a figura, e o episódio foi registrado explicitamente na Seção 6.3.2.","SIM","ATENÇÃO: os slides devem ser atualizados antes de qualquer reapresentação. Além disso, a regeneração da figura a partir dos dados brutos NÃO é possível nesta máquina: os estados corrigidos pela auditoria não foram persistidos (os dois tracking_results.npz existentes correspondem à versão anterior à auditoria). Recomenda-se localizar ou reexecutar a auditoria na máquina primária."
"Prof. Alberto","A legenda do EKF na Figura 6.6 está confusa; indicar que corresponde à barra de cor.","Legenda reescrita explicitando que a trajetória do EKF é colorida pelo tempo de voo e que a barra de cor à direita é a escala correspondente.","SIM",""
"Prof. Alberto","Debater possíveis erros sistemáticos: giro do drone, erro na diagonal, erro devido à distância.","Ampliada a discussão de resultados do Cap.6 com a análise dos erros sistemáticos: dependência do erro com a distância (com a figura de erro versus alcance), efeito do ângulo de depressão rasante e o papel do giro em guinada, que é quando a pose de navegação é menos confiável e o alvo sai do campo de visão.","SIM",""
"Prof. Alberto","Comentário geral: o texto não detalha suficientemente bem os resultados mostrados em gráficos (ex.: Figura 6.7).","Discussão dos resultados do Cap.6 substancialmente ampliada, separando explicitamente a acurácia da geometria (projeção quadro a quadro) da robustez da cadeia completa, e explicando o que cada painel das figuras mostra.","SIM",""
"Prof. Alberto","Renomear ""horizontal error"" para ""erro no plano do chão"" (ground-plane error).","Termo renomeado para ""ground-plane error"" em todo o Cap.6 e no Cap.8, e acrescentado um parágrafo ""Terminology"" explicando que a medida é feita no plano do solo e não no plano da aeronave, e por que a componente vertical não é reportada.","SIM","Os rótulos dos eixos dentro dos arquivos PDF das figuras serão atualizados na regeneração."
"Prof. Alberto","Figura 6.7: excluir os quadros em que a câmera não detecta o alvo (durante o giro), pois inflam o erro.","Implementado no relato dos resultados. A Seção 6.3.2 passou a reportar explicitamente dois regimes, com a nova Tabela 6.1: 'alvo em campo de visão' (mediana 1,28 m, RMSE 2,07 m), que é o número que caracteriza o estimador e passou a ser o valor de destaque, e 'todos os quadros' (mediana 1,75 m, RMSE 6,27 m), mantido para honestidade. O texto explica o critério de exclusão (teste de velocidade física acima de 4 m/s, disponível em tempo de execução) e por que incluir esses quadros mede a precisão do detector sob perda de visada, e não a capacidade de localização. Os números de destaque no Cap.8 foram atualizados na mesma direção.","SIM","O arquivo PDF da figura ainda traça a curva com todos os quadros; a legenda agora explicita os dois regimes e remete à tabela. Regerar o gráfico apenas com os quadros válidos depende dos dados da auditoria, que não estão nesta máquina."
"Prof. Alberto","Inserir no texto a figura do equipamento utilizado na TU Berlin; ela só aparece nos slides.","Inserida a Figura 6.9 na Seção 6.2.7 (Experimental Platform), com a fotografia da plataforma UBADRON em voo dentro do ginásio onde os experimentos foram gravados.","SIM","Aproveitou-se para corrigir a descrição da montagem da câmera, que estava como ""acima do centro do corpo"" e é, de fato, em um casulo suspenso 0,21 m abaixo do corpo, inclinado 10° para baixo."
"Prof. Alberto","Indicar o hardware usado nos experimentos: laptop Dell i7 + RTX 4060; o tracker roda em tempo real, mas as inferências têm atraso de 2 a 3 s; não é possível rodar o pipeline completo em tempo real.","Acrescentada a Seção 7.5.2 (Computational Setup) com a especificação da máquina e a caracterização honesta do que roda e do que não roda em tempo real, além de um parágrafo equivalente na Seção 6.2.7 para o estudo com dados reais. A limitação correspondente no Cap.8 foi reescrita para ficar consistente.","SIM","Confirmar o modelo exato do processador (i7-????) e a quantidade de memória RAM, caso se queira maior precisão na descrição."
"Prof. Alberto","Indicar mais claramente que as nuvens de pontos são geradas por uma câmera de profundidade nos estudos II e III; sugerir o uso de LiDAR em trabalhos futuros.","Criada a Seção 7.2.5 (Sensor Realism and the Limits of the Simulated Point Cloud), com um aviso explícito de que a nuvem provém de uma câmera de profundidade idealizada e não de um LiDAR, enumerando as diferenças (esparsidade, ruído, dropouts, atenuação atmosférica, oclusão e distorção por movimento) e declarando que as acurácias reportadas são um limite superior. Acrescentados o item correspondente nas Limitações e o item ""Realistic range sensing"" nos Trabalhos Futuros.","SIM",""
"Prof. Alberto","Rastrear não basta para o avoid: é necessário predizer a trajetória futura alguns passos à frente.","Reescrito o trecho da Seção 1.2 para afirmar que rastrear a posição atual é necessário mas não suficiente, explicando que a predição pode ser obtida propagando o estado (posição e velocidade) e sua covariância pelo modelo de movimento. Acrescentado item dedicado nas Limitações e o item ""Trajectory prediction, and metrics that reward it"" nos Trabalhos Futuros.","SIM",""
"Prof. Alberto","Cuidado com a afirmação de que a profundidade não pode ser observada por câmeras: há redes modernas que a inferem de imagens monoculares.","Afirmação suavizada no Cap.1: a profundidade passa a ser descrita como não observável ""diretamente"" a partir de uma única vista, com a ressalva explícita de que estimadores monoculares aprendidos recuperam profundidade métrica com acurácia útil, citando ZoeDepth e Depth Anything V2, e a diferença passa a ser colocada em termos de a inferência ser indireta e de erro mais difícil de caracterizar.","SIM",""
"Prof. Alberto","Destacar já na introdução de onde vêm as nuvens de pontos (LiDAR real ou sensor RGB-D).","Criada a subseção 1.4.1 (Where the Point Clouds Come From), distinguindo os três casos: sensor genérico na arquitetura do Cap.4, câmera de profundidade idealizada do AirSim no Cap.7, e ausência de nuvem no Cap.6 (câmera monocular; o LiDAR só é usado offline para levantar o mapa de referência).","SIM",""
"Prof. Alberto","Indicar as ferramentas e os motores de busca utilizados na busca inicial com o método PRISMA.","Seção 3.1.2 reescrita nomeando explicitamente as fontes (APIs do OpenAlex e do Semantic Scholar; busca acadêmica no Google Scholar, arXiv, IEEE Xplore, MDPI, SpringerLink e ScienceDirect), as famílias de consulta e os termos usados, e as ferramentas de gestão (Parsifal, Rayyan e Zotero), com referências bibliográficas para OpenAlex, Semantic Scholar e Rayyan.","SIM","Acrescentado também um parágrafo de honestidade metodológica registrando que as buscas nas bases por assinatura (Scopus, Web of Science e IEEE Xplore institucional) foram preparadas mas não executadas, e por que o impacto disso é limitado."
"Prof. Alberto","Tentar publicar o que ainda não foi publicado.","Fora do escopo da correção do texto.","N/A","O Cap.1 já registra que o estudo do Cap.6 está em preparação para publicação; o Cap.8 aponta o que falta para submeter o Cap.7 (benchmark externo e análise temporal)."
"Prof. Bruno","Trabalho bem escrito, boa organização e boa metodologia (abordagem híbrida: detecção baseada em dados, rastreamento baseado em modelo).","Sem ação.","N/A","Elogio."
"Prof. Bruno","(Pg. 34, Seção 2.3.3) O ""tangent space of SE(3)"" não existe como tal: o espaço tangente é definido em um ponto. Os elementos da álgebra de Lie são matrizes 4x4 parametrizadas por 6 números reais; o que se mostra é uma parametrização. Explicar o espaço isomórfico à álgebra de Lie.","Seção 2.3.3 reescrita com rigor e retitulada ""Pose Perturbations and the Lie Algebra of SE(3)"": explica que SE(3) não é espaço vetorial mas grupo de Lie; que o espaço tangente é definido em um ponto e que o espaço tangente na identidade é a álgebra de Lie se(3); apresenta os elementos de se(3) como matrizes 4x4; define os mapas hat e vee como bijeções lineares e afirma o isomorfismo se(3) ≅ R^6; e explicita que o vetor de 6 componentes é o vetor de coordenadas de um elemento da álgebra, e não o próprio elemento.","SIM","O Apêndice A foi ajustado para usar a mesma linguagem."
"Prof. Bruno","Capítulo 5: destacar que não é feito joint (self) pose estimation and tracking.","Acrescentado parágrafo na abertura do Cap.5 declarando que a pose da plataforma é entrada exógena conhecida, que o estado da plataforma nunca é aumentado no estado do filtro e que as medidas do alvo nunca realimentam a pose própria, com a justificativa (isolar a questão do referencial e espelhar a arquitetura real da aeronave).","SIM",""
"Prof. Bruno","Qual a utilidade prática de ter um EKF no sistema local? Qual é a formulação preferida/recomendada?","Criada a Seção 5.8 (Choice of Frame in Practice), que recomenda o referencial global como padrão (modelo exato, sem reorientação a implementar, estado diretamente interpretável a jusante) e enumera três situações concretas em que o local é preferível: ruído de processo referenciado ao corpo, ausência de posição global confiável (voo sem GNSS) e entrega direta das grandezas relativas que a camada de desvio consome.","SIM",""
"Prof. Bruno","Figuras 5.1 e 5.3: o filtro está divergindo ou é um problema intrínseco? Deixar claro que tem a ver com o erro de distância, cuja variância é proporcional ao quadrado da distância.","Acrescentado parágrafo logo após a Figura 5.1 explicando que não há divergência: o alvo se afasta ao longo do experimento e a variância do alcance cresce com o quadrado da distância, de modo que a informação por atualização diminui. A evidência decisiva é que o limite de Cramér-Rao posterior sobe com o mesmo perfil e o filtro o acompanha, ao passo que um filtro divergente se afastaria do limite.","SIM",""
"Prof. Bruno","Indicar que é utilizado o rho predito para estimar o erro de distância, e comentar que isso viola as hipóteses do filtro de Kalman, pois há dependência entre o erro e o estado.","Acrescentada a Observação 5.1 (State-dependent measurement noise), explicitando que R é avaliado no alcance predito, que isso viola a hipótese de ruído independente do estado, que o estimador é portanto subótimo, por que avaliar no alcance medido seria pior, e que o custo prático é pequeno e quantificado pela análise de Cramér-Rao.","SIM",""
"Prof. Bruno","Equação 6.8: falta indicar a dedução. Expandir a seção mostrando como calcular o Jext, e definir melhor Hk e Jpi indicando as dimensões. Mencionar a aproximação exp(.) ≈ I + ...","Seção 6.2.4 inteiramente reescrita em cinco passos numerados: (1) cadeia geométrica com as dimensões de cada fator; (2) Jacobiano de projeção Jpi (2x3) com a origem de cada termo; (3) Jacobiano de estado Hk (2x4) deduzido termo a termo; (4) Jacobiano extrínseco Jext (2x6), com a perturbação escrita multiplicativamente e a aproximação exp(xi^) = I + xi^ + ... ≈ I + xi^ explicitada, incluindo a ordem do resto; (5) dedução da covariância de inovação como soma de três formas quadráticas, com as dimensões anotadas sob cada termo e a hipótese de independência nomeada.","SIM","Acrescentada ainda a interpretação do comportamento dos blocos rotacional e translacional com a distância, que explica por que o erro de atitude domina a longo alcance."
"Prof. Bruno","Figuras 6.5 e 6.7: os resultados não estão muito bons; deixar mais claro no texto como a dependência do erro em relação à distância e o giro do drone afetam os resultados. Discussão mais extensa e honesta, sem minimizar os problemas.","Discussão reescrita e ampliada. Foi acrescentada uma lista de três mecanismos distintos que contribuem para o erro (alcance, rotação da plataforma em dois canais separados, e precisão do detector sob perda de visada), a Tabela 6.1 com os dois regimes de relato, um parágrafo explicando como ler a Figura 6.7, e um parágrafo final na Discussão que diz sem rodeios o quanto esses números são e não são bons: uma ordem de grandeza acima do rastreador com sensor de alcance do Cap.5, com cauda pesada (p90 de 7,75 m), adequado para busca e salvamento e não, por si só, para anticolisão de curta distância.","SIM",""
"Prof. Bruno","Explicar por que não temos o Sigma da pose da plataforma, já que deveria ser conhecido.","Acrescentado o parágrafo ""On the unavailability of Sigma"" ao final da Seção 6.2.4, explicando que a solução de odometria LiDAR-inercial embarcada publica a pose mas não publica a covariância associada, que recuperá-la exigiria instrumentar e reexecutar a pilha de navegação, e que isso ficou fora do escopo da colaboração e inviável após o retorno ao Brasil. São declaradas as duas consequências: o termo captura a qualidade média da pose e não responde aos trechos de guinada rápida, e a isotropia é conveniência de modelagem e não afirmação física.","SIM",""
"Prof. Bruno","Capítulo 7: indicar por que não utilizou o Jext para inflar o Sk com o Sigma da pose da plataforma, e sugerir como trabalho futuro.","Acrescentados dois parágrafos ao final da Seção 7.3.7: a razão é que no simulador a pose é lida exatamente, de modo que o Sigma honesto é nulo e o termo se anula identicamente, e incluí-lo apenas introduziria um parâmetro ajustado sem referente físico. Em seguida se reconhece que a omissão é uma limitação real do estudo e se indica como o Jacobiano extrínseco seria montado para a medida esférica, remetendo aos Trabalhos Futuros.","SIM",""
"Prof. Bruno","Figura 7.9: indicar métricas ao longo do tempo (comportamento temporal do erro); foram apresentadas apenas médias globais.","NÃO REALIZADO nesta versão.","NÃO","Os dados por quadro do Cap.7 (dumps de detecção das 60 sequências) não estão na máquina em que a revisão foi feita; estão na máquina de simulação do AirSim. A limitação foi registrada explicitamente no Cap.8 e o procedimento de geração está descrito para execução assim que houver acesso à máquina."
"Prof. Bruno","Faltou uma referência global de comparação para as abordagens do Capítulo 7, antes de submeter os resultados para publicação.","Registrado como limitação explícita no Cap.8 (""No comparison against an external benchmark"") e como item de Trabalhos Futuros, indicando os dois caminhos concretos: avaliar no benchmark aéreo público UAV3D e reportar as linhas de base do domínio automotivo (KITTI e nuScenes) sobre as quais as famílias frustum e voxel foram originalmente validadas.","PARCIAL","A execução da comparação depende da máquina de dados e está fora do prazo desta revisão; a lacuna, porém, deixou de ser silenciosa."
"Prof. Bruno","Deixar claro como é feita a associação de dados no trabalho.","A Seção 7.3.8 já descrevia a associação SORT com custo de IoU e atribuição pelo algoritmo húngaro no plano 2D, com os parâmetros na Tabela 7.3; o texto foi reforçado e o Cap.5 remete a ele.","SIM",""
"Prof. Bruno","Trabalhos futuros devem considerar classes de objetos diferentes.","Acrescentado o item ""Multiple object classes"" nos Trabalhos Futuros, apontando a extensão para detector multiclasse, modelos de movimento condicionados à classe (possivelmente por filtro de múltiplos modelos interagentes) e o efeito da identidade de classe como pista adicional de associação.","SIM",""
"Prof. Bruno","Sugerir joint tracking e cooperative tracking; verificar se é aplicável a sense and avoid.","Item de Trabalhos Futuros ampliado para distinguir rastreamento cooperativo (fusão de tracks) de estimação conjunta de pose e rastreamento cooperativos, com a ressalva de que a segunda introduz dependência do enlace de comunicação e correlação de erros que uma argumentação de certificação precisa endereçar.","SIM","Incluída também a observação do Prof. Bruno sobre a filtragem centralizada criar um ponto único de falha."
"Prof. Bruno","Métricas bem definidas.","Sem ação.","N/A","Elogio."
"Prof. Stiven","Dado que o ruído no mundo real é anisotrópico, e apesar de as formulações serem equivalentes, por que não recomendar o EKF global?","A Seção 5.6.2 foi reescrita para deixar claro que o resultado é sobre casamento de referencial e não uma ordenação geral: o experimento reportado define o ruído no referencial inercial, o que favorece o global; ruído diagonal no referencial do corpo favorece o local pelo mesmo argumento. A Seção 5.8 então recomenda explicitamente o referencial global como padrão e enumera quando o local é preferível.","SIM",""
"Prof. Stiven","O recall baixo não seria compensado pelo tracker? As métricas MOTA e AMOTA sugerem isso?","Acrescentado parágrafo na Discussão do Cap.7 que responde diretamente: a distância entre AMOTA alto (0,81) e MOTA baixo (0,44) é justamente a assinatura de um rastreador capaz alimentado por um detector limitado em recall, mas o AMOTA integra ao longo do eixo de recall e o coasting cobre lacunas de poucos quadros, não ausências prolongadas; um track nunca iniciado não pode ser propagado. Conclui-se que AMOTA é a métrica certa para comparar cadeias detector-rastreador e a errada para decidir quanto recall a função de anticolisão exige.","SIM",""
"Prof. Stiven","Sem uma validação integrada (mesmo em simulação), é possível concluir qual é a abordagem mais promissora?","Acrescentado parágrafo final de qualificação de escopo na Discussão do Cap.7: o que se compara é o front-end de detecção, cada variante integrada à mesma associação e filtragem e pontuada de ponta a ponta; o que não se avalia é a função completa de detectar e evitar. Declara-se que estabelecer a abordagem mais promissora nesse sentido exigiria fechar a malha e usar métricas preditivas e orientadas a risco.","SIM",""
"Prof. Stiven","Qual seria a métrica apropriada para comparar as abordagens, dado que a tarefa exige predição da trajetória futura?","Tratado no item ""Trajectory prediction, and metrics that reward it"" dos Trabalhos Futuros, que nomeia as métricas apropriadas: erro de deslocamento médio e final em um horizonte fixo, erro no tempo até o conflito ou até a aproximação máxima, e taxa de alertas de conflito perdidos ou espúrios.","SIM",""
"Prof. Stiven","Quais os desafios para colocar o sistema em ambiente real?","Os Capítulos 7 e 8 foram reforçados: restrições de processamento embarcado e ausência de orçamento de tempo real medido, lacuna sim-para-real do detector, idealização do sensor de profundidade, necessidade de coletar dados reais para ajuste fino, e propagação da incerteza de pose sob a solução de navegação real.","SIM",""
"Prof. Stiven","Ser mais assertivo sobre qual abordagem é a melhor para sense and avoid.","A Discussão do Cap.7 passou de observação a recomendação explícita: recomenda-se o detector voxel de pilares aprendidos como detector primário, ou a fusão tardia frustum-voxel quando a precisão extra compensar, com os números que sustentam a escolha (recall 0,80 contra 0,49, e erro de localização menor, 0,87 m contra 1,05 m), e a ressalva de que o frustum continua preferível quando a estabilidade de identidade importa mais.","SIM",""
"Prof. Maximo","A previsão pode ser feita com base nas estimativas de posição e velocidade fornecidas pelo tracker.","Incorporado ao texto da Seção 1.2: o estimador fornece a previsão na forma que um filtro recursivo naturalmente oferece, propagando o estado (posição e velocidade) e a covariância pelo modelo de movimento, com envelope de incerteza que se alarga com o horizonte.","SIM",""
"Prof. Maximo","Deixar claro que a profundidade é fornecida por câmera RGB-D.","Tratado na nova subseção 1.4.1 e na nova Seção 7.2.5, que declaram que a nuvem de trabalho do Cap.7 vem de uma câmera de profundidade planar idealizada do AirSim, e não do LiDAR simulado, com a justificativa (alvos vistos contra o céu, onde o LiDAR não retorna).","SIM",""
"Prof. Maximo","O Sigma não é estimado pela TU Berlin.","Explicitado no parágrafo ""On the unavailability of Sigma"" da Seção 6.2.4: a solução de navegação publica a pose mas não a covariância.","SIM",""
"Prof. Maximo","Local versus global: deixar mais claro por que o referencial local foi considerado, no contexto de sense and avoidance.","Tratado na nova Seção 5.8, que dedica um parágrafo às três utilidades práticas do referencial local, incluindo o fato de que as grandezas que a camada de desvio consome (alcance relativo, azimute, elevação e velocidade de aproximação) são exatamente as grandezas do referencial local, entregues sem transformação e com a covariância no mesmo referencial.","SIM",""
"Prof. Maximo","A associação de dados é feita pelo SORT no plano 2D.","Já explicitado na Seção 7.3.8 e reforçado; o Cap.5 remete a essa seção ao delimitar o escopo de alvo único.","SIM",""
"Prof. Maximo","Deixar claro que o ruído anisotrópico é definido em coordenada global.","Explicitado na Seção 5.6.2: o texto passa a dizer que a intensidade anisotrópica do experimento é especificada no referencial inercial global, e que é por isso que o filtro global modela o ruído corretamente.","SIM",""
"Prof. Maximo","Fazer uma planilha de acompanhamento das mudanças, para enviar à banca.","Esta planilha.","SIM","Gerada em CSV e XLSX em revisao-banca/."
"Geral","Data da defesa no documento.","Corrigida de 14 de julho de 2026 para 28 de julho de 2026 na folha de rosto e na Folha de Registro do Documento.","SIM",""
"Geral","Erros de ortografia e acentuação.","Compilação verificada sem erros, sem referências indefinidas e com apenas uma linha de largura excedida (na tabela do próprio template do ITA). Lista de Abreviaturas ampliada de 22 para 49 entradas, cobrindo todas as siglas efetivamente usadas.","SIM",""
"Geral","Renumeração de figuras após as correções.","A inserção da fotografia da plataforma da TU Berlin (agora Figura 6.5) deslocou a numeração do Capítulo 6: a antiga Figura 6.6 (trajetória) passou a ser a Figura 6.7, e a antiga Figura 6.7 (erro e CDF) passou a ser a Figura 6.8.","SIM","Registrado para que a banca consiga mapear as figuras citadas na arguição para a numeração da versão final."
"Prof. Alberto","Renomear ""horizontal error"" (decorrência: rótulos dos eixos das figuras).","Os rótulos internos dos arquivos PDF das Figuras 6.6 e 6.8 ainda trazem ""horizontal localization error [m]"" e ""horizontal error [m]"". O texto, as legendas e o Cap.8 já usam ""ground-plane error"".","PENDENTE","Requer regerar os dois gráficos com o novo rótulo, o que depende dos dados do Cap.6 na máquina que os contém. É a única inconsistência visível remanescente entre texto e figura."
